--------------------------------------------------------
--  文件已创建 - 星期一-九月-28-2020   
--------------------------------------------------------
----SYS_APPLICATION 调整
delete from SYS_APPLICATION;
Insert into SYS_APPLICATION (ID,SYSTEM_NAME,IS_DISABLED,EXPLANATION,APPLICATION_URL,APP_FULL_NAME,SYSTEM_ICON,IS_UNLOCK_SYSTEM_INFO,SYSTEM_INFO,SYSTEM_CODE,APP_ID,APP_KEY,JUMP_TYPE) values ('25094143a887a05c3f0e0f1cd5ac938d','货值管理系统',0,null,'http://demo.highzap.com:809/dwm/dashboard?systemId=25094143a887a05c3f0e0f1cd5ac938d','货值管理系统',null,1,null,'dwm','5c3156b9-8e9c-41cc-8d07-3b4cf5028f18','1ce0ad7d-2155-466b-885b-94647a5bcb5a','当前页面');
Insert into SYS_APPLICATION (ID,SYSTEM_NAME,IS_DISABLED,EXPLANATION,APPLICATION_URL,APP_FULL_NAME,SYSTEM_ICON,IS_UNLOCK_SYSTEM_INFO,SYSTEM_INFO,SYSTEM_CODE,APP_ID,APP_KEY,JUMP_TYPE) values ('534e2b6a0d5bb4fec7d55f551f8930ab','项目主数据系统',0,null,'http://demo.highzap.com:809/mdm/dashboard?systemId=534e2b6a0d5bb4fec7d55f551f8930ab','项目主数据系统',null,1,null,'mdm','f556040c-7982-4e9a-a363-df38f101d432','159e4639-ed7d-437c-bc82-bb4770976ed2','当前页面');
Insert into SYS_APPLICATION (ID,SYSTEM_NAME,IS_DISABLED,EXPLANATION,APPLICATION_URL,APP_FULL_NAME,SYSTEM_ICON,IS_UNLOCK_SYSTEM_INFO,SYSTEM_INFO,SYSTEM_CODE,APP_ID,APP_KEY,JUMP_TYPE) values ('71313f018a35f3a558166cba7599b5d6','计划管理系统',0,null,'http://demo.highzap.com:809/pom/dashboard?systemId=71313f018a35f3a558166cba7599b5d6','计划管理系统',null,1,'<p>1</p>','pom','ea4ac17b-0cd0-44a4-8da5-437bf9823594','aa916b68-36c3-4745-a897-dd2c5936b478','当前页面');
---SYS_APPLICATION_REGISTER 
delete SYS_APPLICATION_REGISTER;
Insert into SYS_APPLICATION_REGISTER (ID,REGISTER_NAME,REGISTER_CODE,REGISTER_KEY,REGISTER_VALUE,SYSTEM_ID,REMARK) values ('99a17e6f-bd5f-6c3e-e053-0100007ff4c0','主数据附件预览应用编码','mdm-review-code','在线预览应用编码','mdmcs','534e2b6a0d5bb4fec7d55f551f8930ab',null);
Insert into SYS_APPLICATION_REGISTER (ID,REGISTER_NAME,REGISTER_CODE,REGISTER_KEY,REGISTER_VALUE,SYSTEM_ID,REMARK) values ('99a17e6f-bd60-6c3e-e053-0100007ff4c0','主数据附件预览应用秘钥','mdm-review-key','在线预览应用秘钥','mdmcs','534e2b6a0d5bb4fec7d55f551f8930ab',null);
Insert into SYS_APPLICATION_REGISTER (ID,REGISTER_NAME,REGISTER_CODE,REGISTER_KEY,REGISTER_VALUE,SYSTEM_ID,REMARK) values ('99a17e6f-bd61-6c3e-e053-0100007ff4c0','计划运营附件预览应用编码','pom-review-code','在线预览应用编码','pomcs','71313f018a35f3a558166cba7599b5d6',null);
Insert into SYS_APPLICATION_REGISTER (ID,REGISTER_NAME,REGISTER_CODE,REGISTER_KEY,REGISTER_VALUE,SYSTEM_ID,REMARK) values ('99a17e6f-bd62-6c3e-e053-0100007ff4c0','计划运营附件预览应用秘钥','pom-review-key','在线预览应用秘钥','pomcs','71313f018a35f3a558166cba7599b5d6',null);
Insert into SYS_APPLICATION_REGISTER (ID,REGISTER_NAME,REGISTER_CODE,REGISTER_KEY,REGISTER_VALUE,SYSTEM_ID,REMARK) values ('99a17e6f-bd63-6c3e-e053-0100007ff4c0','货值管理附件预览应用编码','dwm-review-code','在线预览应用编码','dwmcs','25094143a887a05c3f0e0f1cd5ac938d',null);
Insert into SYS_APPLICATION_REGISTER (ID,REGISTER_NAME,REGISTER_CODE,REGISTER_KEY,REGISTER_VALUE,SYSTEM_ID,REMARK) values ('99a17e6f-bd64-6c3e-e053-0100007ff4c0','货值管理附件预览应用秘钥','dwm-review-key','在线预览应用秘钥','dwmcs','25094143a887a05c3f0e0f1cd5ac938d',null);
Insert into SYS_APPLICATION_REGISTER (ID,REGISTER_NAME,REGISTER_CODE,REGISTER_KEY,REGISTER_VALUE,SYSTEM_ID,REMARK) values ('9a7f783f-7aeb-45d0-e053-0100007fe534','计划运营域名','pom-server-host','server-host','http://demo.highzap.com:809','71313f018a35f3a558166cba7599b5d6',null);
Insert into SYS_APPLICATION_REGISTER (ID,REGISTER_NAME,REGISTER_CODE,REGISTER_KEY,REGISTER_VALUE,SYSTEM_ID,REMARK) values ('9a7f783f-8aeb-45d0-e053-0100007fe534','主数据域名','mdm-server-host','server-host','http://demo.highzap.com:809','534e2b6a0d5bb4fec7d55f551f8930ab',null);
Insert into SYS_APPLICATION_REGISTER (ID,REGISTER_NAME,REGISTER_CODE,REGISTER_KEY,REGISTER_VALUE,SYSTEM_ID,REMARK) values ('9a7f783f-9aeb-45d0-e053-0100007fe534','货值管理附件域名','dwm-server-host','server-host','http://demo.highzap.com:809','25094143a887a05c3f0e0f1cd5ac938d',null);
Insert into SYS_APPLICATION_REGISTER (ID,REGISTER_NAME,REGISTER_CODE,REGISTER_KEY,REGISTER_VALUE,SYSTEM_ID,REMARK) values ('aedf9acd-727c-3bf4-e053-0100007faa34','app端附件预览域名','app-office-remote','pc-office-remote','http://app.crccre.cn/DCST',null,null);
---SYS_APPLICATION_TERMINAL
delete SYS_APPLICATION_TERMINAL;
Insert into SYS_APPLICATION_TERMINAL (ID,APPLICATION_ID,APPLICATION_TERMINAL_CODE,APPLICATION_URL,APPLICATION_CODE,REMARK) values ('a29bec84-d178-211a-e053-8606160a494f','71313f018a35f3a558166cba7599b5d6','H5','http://demo.highzap.com:809/pom-h5','pom',null);
Insert into SYS_APPLICATION_TERMINAL (ID,APPLICATION_ID,APPLICATION_TERMINAL_CODE,APPLICATION_URL,APPLICATION_CODE,REMARK) values ('a29bec84-d179-211a-e053-8606160a494f','71313f018a35f3a558166cba7599b5d6','PC','http://demo.highzap.com:809/pom','pom',null);
Insert into SYS_APPLICATION_TERMINAL (ID,APPLICATION_ID,APPLICATION_TERMINAL_CODE,APPLICATION_URL,APPLICATION_CODE,REMARK) values ('a29bec84-d17a-211a-e053-8606160a494f','534e2b6a0d5bb4fec7d55f551f8930ab','PC','http://demo.highzap.com:809/mdm','mdm',null);
Insert into SYS_APPLICATION_TERMINAL (ID,APPLICATION_ID,APPLICATION_TERMINAL_CODE,APPLICATION_URL,APPLICATION_CODE,REMARK) values ('a29bec84-d17b-211a-e053-8606160a494f','25094143a887a05c3f0e0f1cd5ac938d','PC','http://demo.highzap.com:809/dwm','dwm',null);
