set define off;
--页面基础信息初始化
delete UDP_PAGE where ID in  (select t.ID from (  select * from UDP_PAGE where ID='EE99BB51-93A1-E611-9EF9-000C290B9D98') t );
insert into UDP_PAGE(ID,LAYOUT_TEMPLATE_ID,CREATED,CREATOR_ID,CREATOR,MODIFIED,MODIFIER_ID,MODIFIER,FUNCTION_ID,TITLE,WINDOW_WIDTH,WINDOW_HEIGHT,REMARK) values ('EE99BB51-93A1-E611-9EF9-000C290B9D98','defaultTemplate',to_date('2019-08-27 00:00:00','yyyy-mm-dd hh24:mi:ss'),'','测试数据创建人',to_date('2019-08-27 00:00:00','yyyy-mm-dd hh24:mi:ss'),'','','','标题{pageTitle}','','','');
--组件基础信息初始化
delete UDP_COMPONENT where ID in  (select t.ID from (select * from udp_component where  page_id='EE99BB51-93A1-E611-9EF9-000C290B9D98' UNION select * from udp_component where  page_id in (select ID from UDP_COMPONENT_TABS_ITEM where component_tabs_id in  (select id from udp_component where  page_id='EE99BB51-93A1-E611-9EF9-000C290B9D98' and component_type='TemplateTabs')) UNION  select * from udp_component WHERE page_id IN (select ID from (select * from udp_component where page_id='EE99BB51-93A1-E611-9EF9-000C290B9D98'  UNION   select * from udp_component where  page_id in  (select ID from UDP_COMPONENT_TABS_ITEM where component_tabs_id in  (select id from udp_component where  page_id='EE99BB51-93A1-E611-9EF9-000C290B9D98' and component_type='TemplateTabs'))) tab1 where tab1.COMPONENT_TYPE='TemplateDropdown')) t );
insert into UDP_COMPONENT(ID,PAGE_ID,COMPONENT_DATA_SOURCE_ID,COMPONENT_HIGH,COMPONENT_WIDE,COMPONENT_ORDER,COMPONENT_NAME,COMPONENT_LABLE,COMPONENT_TYPE,PLACEHOLDER,CREATED,CREATOR_ID,CREATOR,MODIFIED,MODIFIER_ID,MODIFIER,DATA_SOURCE) values ('92CFF4637299057CE0530100007F1A7F','EE99BB51-93A1-E611-9EF9-000C290B9D98','','','',2,'datepicker','时间：','TemplateDatePicker','请选择时间',to_date('2019-09-18 00:00:00','yyyy-mm-dd hh24:mi:ss'),'','测试数据创建人',to_date('2019-09-18 00:00:00','yyyy-mm-dd hh24:mi:ss'),'','','');
insert into UDP_COMPONENT(ID,PAGE_ID,COMPONENT_DATA_SOURCE_ID,COMPONENT_HIGH,COMPONENT_WIDE,COMPONENT_ORDER,COMPONENT_NAME,COMPONENT_LABLE,COMPONENT_TYPE,PLACEHOLDER,CREATED,CREATOR_ID,CREATOR,MODIFIED,MODIFIER_ID,MODIFIER,DATA_SOURCE) values ('92D1A3AB458858F0E0530100007F299C','GE99BB51-93A1-E611-9EF9-000C290B9D91','','','',2,'Dropdown','菜单','TemplateDropdown','',to_date('2019-08-27 00:00:00','yyyy-mm-dd hh24:mi:ss'),'','测试数据创建人',to_date('2019-08-27 00:00:00','yyyy-mm-dd hh24:mi:ss'),'','','');
insert into UDP_COMPONENT(ID,PAGE_ID,COMPONENT_DATA_SOURCE_ID,COMPONENT_HIGH,COMPONENT_WIDE,COMPONENT_ORDER,COMPONENT_NAME,COMPONENT_LABLE,COMPONENT_TYPE,PLACEHOLDER,CREATED,CREATOR_ID,CREATOR,MODIFIED,MODIFIER_ID,MODIFIER,DATA_SOURCE) values ('94ED77D1CAD75D75E0530100007F5E0D','92D1A3AB458858F0E0530100007F299C','','','',2,'','菜单二','TemplateButton','',to_date('2019-10-15 14:00:55','yyyy-mm-dd hh24:mi:ss'),'','测试数据创建人',to_date('2019-10-15 14:00:55','yyyy-mm-dd hh24:mi:ss'),'','','');
insert into UDP_COMPONENT(ID,PAGE_ID,COMPONENT_DATA_SOURCE_ID,COMPONENT_HIGH,COMPONENT_WIDE,COMPONENT_ORDER,COMPONENT_NAME,COMPONENT_LABLE,COMPONENT_TYPE,PLACEHOLDER,CREATED,CREATOR_ID,CREATOR,MODIFIED,MODIFIER_ID,MODIFIER,DATA_SOURCE) values ('AE99BB51-93A1-E611-9EF9-000C290B9D98','EE99BB51-93A1-E611-9EF9-000C290B9D98','98DE5549A56C242FE0530100007FB929','30px','300px',0,'company','<span>系统：</span>','TemplateSelect','请选择公司',to_date('2019-08-27 14:47:39','yyyy-mm-dd hh24:mi:ss'),'','测试数据创建人',to_date('2019-08-27 14:47:39','yyyy-mm-dd hh24:mi:ss'),'','','');
insert into UDP_COMPONENT(ID,PAGE_ID,COMPONENT_DATA_SOURCE_ID,COMPONENT_HIGH,COMPONENT_WIDE,COMPONENT_ORDER,COMPONENT_NAME,COMPONENT_LABLE,COMPONENT_TYPE,PLACEHOLDER,CREATED,CREATOR_ID,CREATOR,MODIFIED,MODIFIER_ID,MODIFIER,DATA_SOURCE) values ('BE99BB51-93A1-E611-9EF9-000C290B9D98','EE99BB51-93A1-E611-9EF9-000C290B9D98','9B9E5A43533038D3E0530100007FB630','30px','300px',1,'project','<span>项目：</span>','TemplateCascader','请选择项目',to_date('2019-08-27 14:47:39','yyyy-mm-dd hh24:mi:ss'),'','测试数据创建人',to_date('2019-08-27 14:47:39','yyyy-mm-dd hh24:mi:ss'),'','','');
insert into UDP_COMPONENT(ID,PAGE_ID,COMPONENT_DATA_SOURCE_ID,COMPONENT_HIGH,COMPONENT_WIDE,COMPONENT_ORDER,COMPONENT_NAME,COMPONENT_LABLE,COMPONENT_TYPE,PLACEHOLDER,CREATED,CREATOR_ID,CREATOR,MODIFIED,MODIFIER_ID,MODIFIER,DATA_SOURCE) values ('GE99BB51-93A1-E611-9EF9-000C290B9D98','EE99BB51-93A1-E611-9EF9-000C290B9D98','99F5E4AA095B7FD5E0530100007F3A4F','','',3,'tabs','','TemplateTabs','',to_date('2019-08-27 14:47:39','yyyy-mm-dd hh24:mi:ss'),'','测试数据创建人',to_date('2019-08-27 14:47:39','yyyy-mm-dd hh24:mi:ss'),'','','');
insert into UDP_COMPONENT(ID,PAGE_ID,COMPONENT_DATA_SOURCE_ID,COMPONENT_HIGH,COMPONENT_WIDE,COMPONENT_ORDER,COMPONENT_NAME,COMPONENT_LABLE,COMPONENT_TYPE,PLACEHOLDER,CREATED,CREATOR_ID,CREATOR,MODIFIED,MODIFIER_ID,MODIFIER,DATA_SOURCE) values ('HE99BB51-93A1-E611-9EF9-000C290B9D91','GE99BB51-93A1-E611-9EF9-000C290B9D91','bd2c9f3c-8f1d-4275-9ca2-9da8f0557cb4','','',1,'treeTableList','','TemplateTreetable','',to_date('2019-08-27 14:47:39','yyyy-mm-dd hh24:mi:ss'),'','测试数据创建人',to_date('2019-08-27 14:47:39','yyyy-mm-dd hh24:mi:ss'),'','','');
insert into UDP_COMPONENT(ID,PAGE_ID,COMPONENT_DATA_SOURCE_ID,COMPONENT_HIGH,COMPONENT_WIDE,COMPONENT_ORDER,COMPONENT_NAME,COMPONENT_LABLE,COMPONENT_TYPE,PLACEHOLDER,CREATED,CREATOR_ID,CREATOR,MODIFIED,MODIFIER_ID,MODIFIER,DATA_SOURCE) values ('HE99BB51-93A1-E611-9EF9-000C290B9D98','GE99BB51-93A1-E611-9EF9-000C290B9D92','3DE97D08-C98B-4DB5-87B9-0000F7C5D085','','',5,'TableList','','TemplateTable','',to_date('2019-08-27 14:47:39','yyyy-mm-dd hh24:mi:ss'),'','测试数据创建人',to_date('2019-08-27 14:47:39','yyyy-mm-dd hh24:mi:ss'),'','','');
insert into UDP_COMPONENT(ID,PAGE_ID,COMPONENT_DATA_SOURCE_ID,COMPONENT_HIGH,COMPONENT_WIDE,COMPONENT_ORDER,COMPONENT_NAME,COMPONENT_LABLE,COMPONENT_TYPE,PLACEHOLDER,CREATED,CREATOR_ID,CREATOR,MODIFIED,MODIFIER_ID,MODIFIER,DATA_SOURCE) values ('IC99BB51-93A1-E611-9EF9-000C290B9D76','92D1A3AB458858F0E0530100007F299C','','','',1,'','菜单一','TemplateButton','',to_date('2019-10-15 13:46:05','yyyy-mm-dd hh24:mi:ss'),'','测试数据创建人',to_date('2019-10-15 13:46:11','yyyy-mm-dd hh24:mi:ss'),'','','');
insert into UDP_COMPONENT(ID,PAGE_ID,COMPONENT_DATA_SOURCE_ID,COMPONENT_HIGH,COMPONENT_WIDE,COMPONENT_ORDER,COMPONENT_NAME,COMPONENT_LABLE,COMPONENT_TYPE,PLACEHOLDER,CREATED,CREATOR_ID,CREATOR,MODIFIED,MODIFIER_ID,MODIFIER,DATA_SOURCE) values ('IC99BB51-93A1-E611-9EF9-000C290B9D92','GE99BB51-93A1-E611-9EF9-000C290B9D92','','','',0,'reload','打开配置页面','TemplateButton','',to_date('2019-09-24 14:59:34','yyyy-mm-dd hh24:mi:ss'),'','测试数据创建人',to_date('2019-09-24 14:59:34','yyyy-mm-dd hh24:mi:ss'),'','','');
insert into UDP_COMPONENT(ID,PAGE_ID,COMPONENT_DATA_SOURCE_ID,COMPONENT_HIGH,COMPONENT_WIDE,COMPONENT_ORDER,COMPONENT_NAME,COMPONENT_LABLE,COMPONENT_TYPE,PLACEHOLDER,CREATED,CREATOR_ID,CREATOR,MODIFIED,MODIFIER_ID,MODIFIER,DATA_SOURCE) values ('IC99BB51-93A1-E611-9EF9-000C290B9D93','GE99BB51-93A1-E611-9EF9-000C290B9D91','','','',2,'openPageBydata','测试数据传递','TemplateButton','',to_date('2019-09-25 15:08:03','yyyy-mm-dd hh24:mi:ss'),'','测试数据创建人',to_date('2019-09-25 15:08:03','yyyy-mm-dd hh24:mi:ss'),'','','');
insert into UDP_COMPONENT(ID,PAGE_ID,COMPONENT_DATA_SOURCE_ID,COMPONENT_HIGH,COMPONENT_WIDE,COMPONENT_ORDER,COMPONENT_NAME,COMPONENT_LABLE,COMPONENT_TYPE,PLACEHOLDER,CREATED,CREATOR_ID,CREATOR,MODIFIED,MODIFIER_ID,MODIFIER,DATA_SOURCE) values ('IC99BB51-93A1-E611-9EF9-000C290B9D97','GE99BB51-93A1-E611-9EF9-000C290B9D92','','','',0,'openPageBtn','刷新','TemplateButton','',to_date('2019-09-25 12:52:05','yyyy-mm-dd hh24:mi:ss'),'','测试数据创建人',to_date('2019-09-25 12:52:05','yyyy-mm-dd hh24:mi:ss'),'','','');
--组件布局信息初始化
delete UDP_LAYOUT where ID in  (select t.ID from (  select * from UDP_LAYOUT where COMPONENT_ID  in (select t.ID from (select * from udp_component where  page_id='EE99BB51-93A1-E611-9EF9-000C290B9D98' UNION select * from udp_component where  page_id in (select ID from UDP_COMPONENT_TABS_ITEM where component_tabs_id in  (select id from udp_component where  page_id='EE99BB51-93A1-E611-9EF9-000C290B9D98' and component_type='TemplateTabs')) UNION  select * from udp_component WHERE page_id IN (select ID from (select * from udp_component where page_id='EE99BB51-93A1-E611-9EF9-000C290B9D98'  UNION   select * from udp_component where  page_id in  (select ID from UDP_COMPONENT_TABS_ITEM where component_tabs_id in  (select id from udp_component where  page_id='EE99BB51-93A1-E611-9EF9-000C290B9D98' and component_type='TemplateTabs'))) tab1 where tab1.COMPONENT_TYPE='TemplateDropdown')) t)) t );
--insert into UDP_LAYOUT(ID,PAGE_ID,LAYOUT_TEMPLATE_ID,COMPONENT_ID,LAYOUT_AREA_TEMPLATE_ID,CREATED,CREATOR_ID,CREATOR,MODIFIED,MODIFIER_ID,MODIFIER) values ('9386596C0F1C1626E0530100007FD704','EE99BB51-93A1-E611-9EF9-000C290B9D98','','92CFF4637299057CE0530100007F1A7F','top-condition',to_date('2019-09-27 17:17:03','yyyy-mm-dd hh24:mi:ss'),'','测试数据创建人',to_date('2019-09-27 17:17:03','yyyy-mm-dd hh24:mi:ss'),'','');
--insert into UDP_LAYOUT(ID,PAGE_ID,LAYOUT_TEMPLATE_ID,COMPONENT_ID,LAYOUT_AREA_TEMPLATE_ID,CREATED,CREATOR_ID,CREATOR,MODIFIED,MODIFIER_ID,MODIFIER) values ('9348078361A27460E0530100007F36AF','EE99BB51-93A1-E611-9EF9-000C290B9D98','','IC99BB51-93A1-E611-9EF9-000C290B9D92','view-btn',to_date('2019-09-24 15:05:27','yyyy-mm-dd hh24:mi:ss'),'','测试数据创建人',to_date('2019-09-24 15:05:27','yyyy-mm-dd hh24:mi:ss'),'','');
--insert into UDP_LAYOUT(ID,PAGE_ID,LAYOUT_TEMPLATE_ID,COMPONENT_ID,LAYOUT_AREA_TEMPLATE_ID,CREATED,CREATOR_ID,CREATOR,MODIFIED,MODIFIER_ID,MODIFIER) values ('935A718029B12377E0530100007FC112','EE99BB51-93A1-E611-9EF9-000C290B9D98','','IC99BB51-93A1-E611-9EF9-000C290B9D97','view-btn',to_date('2019-09-25 12:54:09','yyyy-mm-dd hh24:mi:ss'),'','测试数据创建人',to_date('2019-09-25 12:54:09','yyyy-mm-dd hh24:mi:ss'),'','');
--insert into UDP_LAYOUT(ID,PAGE_ID,LAYOUT_TEMPLATE_ID,COMPONENT_ID,LAYOUT_AREA_TEMPLATE_ID,CREATED,CREATOR_ID,CREATOR,MODIFIED,MODIFIER_ID,MODIFIER) values ('935A718029B52377E0530100007FC112','EE99BB51-93A1-E611-9EF9-000C290B9D98','','IC99BB51-93A1-E611-9EF9-000C290B9D93','view-btn',to_date('2019-09-25 15:08:59','yyyy-mm-dd hh24:mi:ss'),'','测试数据创建人',to_date('2019-09-25 15:08:59','yyyy-mm-dd hh24:mi:ss'),'','');
insert into UDP_LAYOUT(ID,PAGE_ID,LAYOUT_TEMPLATE_ID,COMPONENT_ID,LAYOUT_AREA_TEMPLATE_ID,CREATED,CREATOR_ID,CREATOR,MODIFIED,MODIFIER_ID,MODIFIER) values ('9504EC065EA3338AE0530100007F32C0','EE99BB51-93A1-E611-9EF9-000C290B9D98','','GE99BB51-93A1-E611-9EF9-000C290B9D98','main-content',to_date('2019-10-16 17:48:49','yyyy-mm-dd hh24:mi:ss'),'','测试数据创建人',to_date('2019-10-16 17:48:49','yyyy-mm-dd hh24:mi:ss'),'','');
--insert into UDP_LAYOUT(ID,PAGE_ID,LAYOUT_TEMPLATE_ID,COMPONENT_ID,LAYOUT_AREA_TEMPLATE_ID,CREATED,CREATOR_ID,CREATOR,MODIFIED,MODIFIER_ID,MODIFIER) values ('91145DAD7F1B12BDE0530100007FD103','EE99BB51-93A1-E611-9EF9-000C290B9D98','','AE99BB51-93A1-E611-9EF9-000C290B9D98','top-condition',to_date('2019-08-27 14:47:39','yyyy-mm-dd hh24:mi:ss'),'','测试数据创建人',to_date('2019-08-27 14:47:39','yyyy-mm-dd hh24:mi:ss'),'','');
--insert into UDP_LAYOUT(ID,PAGE_ID,LAYOUT_TEMPLATE_ID,COMPONENT_ID,LAYOUT_AREA_TEMPLATE_ID,CREATED,CREATOR_ID,CREATOR,MODIFIED,MODIFIER_ID,MODIFIER) values ('91145DAD7F1C12BDE0530100007FD103','EE99BB51-93A1-E611-9EF9-000C290B9D98','','BE99BB51-93A1-E611-9EF9-000C290B9D98','top-condition',to_date('2019-08-27 14:47:39','yyyy-mm-dd hh24:mi:ss'),'','测试数据创建人',to_date('2019-08-27 14:47:39','yyyy-mm-dd hh24:mi:ss'),'','');
insert into UDP_LAYOUT(ID,PAGE_ID,LAYOUT_TEMPLATE_ID,COMPONENT_ID,LAYOUT_AREA_TEMPLATE_ID,CREATED,CREATOR_ID,CREATOR,MODIFIED,MODIFIER_ID,MODIFIER) values ('94EBC2351BDE725AE0530100007F0809','EE99BB51-93A1-E611-9EF9-000C290B9D98','','92D1A3AB458858F0E0530100007F299C','view-btn',to_date('2019-10-15 11:41:25','yyyy-mm-dd hh24:mi:ss'),'','测试数据创建人',to_date('2019-10-15 11:41:25','yyyy-mm-dd hh24:mi:ss'),'','');
insert into UDP_LAYOUT(ID,PAGE_ID,LAYOUT_TEMPLATE_ID,COMPONENT_ID,LAYOUT_AREA_TEMPLATE_ID,CREATED,CREATOR_ID,CREATOR,MODIFIED,MODIFIER_ID,MODIFIER) values ('91145DAD7F2012BDE0530100007FD103','EE99BB51-93A1-E611-9EF9-000C290B9D98','','HE99BB51-93A1-E611-9EF9-000C290B9D91','view',to_date('2019-08-27 14:47:39','yyyy-mm-dd hh24:mi:ss'),'','测试数据创建人',to_date('2019-08-27 14:47:39','yyyy-mm-dd hh24:mi:ss'),'','');
insert into UDP_LAYOUT(ID,PAGE_ID,LAYOUT_TEMPLATE_ID,COMPONENT_ID,LAYOUT_AREA_TEMPLATE_ID,CREATED,CREATOR_ID,CREATOR,MODIFIED,MODIFIER_ID,MODIFIER) values ('91145DAD7F2112BDE0530100007FD103','EE99BB51-93A1-E611-9EF9-000C290B9D98','','HE99BB51-93A1-E611-9EF9-000C290B9D98','view',to_date('2019-08-27 14:47:39','yyyy-mm-dd hh24:mi:ss'),'','测试数据创建人',to_date('2019-08-27 14:47:39','yyyy-mm-dd hh24:mi:ss'),'','');
insert into UDP_LAYOUT(ID,PAGE_ID,LAYOUT_TEMPLATE_ID,COMPONENT_ID,LAYOUT_AREA_TEMPLATE_ID,CREATED,CREATOR_ID,CREATOR,MODIFIED,MODIFIER_ID,MODIFIER) values ('9B6F0003C9D96BA9E0530100007FE609','25BC30B1-BBA1-2470-E053-30100007FA3B','defaultTemplate','GE99BB51-93A1-E611-9EF9-000C290B9D98','view',to_date('2020-01-06 09:59:28','yyyy-mm-dd hh24:mi:ss'),'','chenl95BC30B1-BBA1-2470-E053-30100007FA3B',to_date('2020-01-06 09:59:28','yyyy-mm-dd hh24:mi:ss'),'','');
--组件监听信息初始化
delete UDP_EVENT_MONITORING where ID in  (select t.ID from (  select *  from UDP_EVENT_MONITORING where component_id in (select t.ID from (select * from udp_component where  page_id='EE99BB51-93A1-E611-9EF9-000C290B9D98' UNION select * from udp_component where  page_id in (select ID from UDP_COMPONENT_TABS_ITEM where component_tabs_id in  (select id from udp_component where  page_id='EE99BB51-93A1-E611-9EF9-000C290B9D98' and component_type='TemplateTabs')) UNION  select * from udp_component WHERE page_id IN (select ID from (select * from udp_component where page_id='EE99BB51-93A1-E611-9EF9-000C290B9D98'  UNION   select * from udp_component where  page_id in  (select ID from UDP_COMPONENT_TABS_ITEM where component_tabs_id in  (select id from udp_component where  page_id='EE99BB51-93A1-E611-9EF9-000C290B9D98' and component_type='TemplateTabs'))) tab1 where tab1.COMPONENT_TYPE='TemplateDropdown')) t) and TARGET_COMPONENT_ID in (select t.ID from (select * from udp_component where  page_id='EE99BB51-93A1-E611-9EF9-000C290B9D98' UNION select * from udp_component where  page_id in (select ID from UDP_COMPONENT_TABS_ITEM where component_tabs_id in  (select id from udp_component where  page_id='EE99BB51-93A1-E611-9EF9-000C290B9D98' and component_type='TemplateTabs')) UNION  select * from udp_component WHERE page_id IN (select ID from (select * from udp_component where page_id='EE99BB51-93A1-E611-9EF9-000C290B9D98'  UNION   select * from udp_component where  page_id in  (select ID from UDP_COMPONENT_TABS_ITEM where component_tabs_id in  (select id from udp_component where  page_id='EE99BB51-93A1-E611-9EF9-000C290B9D98' and component_type='TemplateTabs'))) tab1 where tab1.COMPONENT_TYPE='TemplateDropdown')) t)) t );
insert into UDP_EVENT_MONITORING(ID,COMPONENT_ID,TARGET_COMPONENT_ID,IS_MUST_MONITORING,CREATED,CREATOR_ID,CREATOR,MODIFIED,MODIFIER_ID,MODIFIER) values ('943940C0EBCB41E6E0530100007FD679','HE99BB51-93A1-E611-9EF9-000C290B9D91','GE99BB51-93A1-E611-9EF9-000C290B9D98',0,to_date('2019-10-06 14:43:29','yyyy-mm-dd hh24:mi:ss'),'','测试数据创建人',to_date('2019-10-06 14:43:29','yyyy-mm-dd hh24:mi:ss'),'','');
insert into UDP_EVENT_MONITORING(ID,COMPONENT_ID,TARGET_COMPONENT_ID,IS_MUST_MONITORING,CREATED,CREATOR_ID,CREATOR,MODIFIED,MODIFIER_ID,MODIFIER) values ('a018926b-9fcc-1900-e053-0100007f32c2','GE99BB51-93A1-E611-9EF9-000C290B9D98','BE99BB51-93A1-E611-9EF9-000C290B9D98',1,to_date('2020-03-05 16:56:31','yyyy-mm-dd hh24:mi:ss'),'','',to_date('2020-03-05 16:56:31','yyyy-mm-dd hh24:mi:ss'),'','');
insert into UDP_EVENT_MONITORING(ID,COMPONENT_ID,TARGET_COMPONENT_ID,IS_MUST_MONITORING,CREATED,CREATOR_ID,CREATOR,MODIFIED,MODIFIER_ID,MODIFIER) values ('935A718029B62377E0530100007FC112','IC99BB51-93A1-E611-9EF9-000C290B9D93','HE99BB51-93A1-E611-9EF9-000C290B9D91',1,to_date('2019-09-25 15:24:45','yyyy-mm-dd hh24:mi:ss'),'','测试数据创建人',to_date('2019-09-25 15:24:45','yyyy-mm-dd hh24:mi:ss'),'','');
insert into UDP_EVENT_MONITORING(ID,COMPONENT_ID,TARGET_COMPONENT_ID,IS_MUST_MONITORING,CREATED,CREATOR_ID,CREATOR,MODIFIED,MODIFIER_ID,MODIFIER) values ('921974ADE2241D7DE0530100007F4E00','BE99BB51-93A1-E611-9EF9-000C290B9D98','AE99BB51-93A1-E611-9EF9-000C290B9D98',0,to_date('2019-09-09 13:56:45','yyyy-mm-dd hh24:mi:ss'),'','测试数据创建人',to_date('2019-09-09 13:56:49','yyyy-mm-dd hh24:mi:ss'),'','');
insert into UDP_EVENT_MONITORING(ID,COMPONENT_ID,TARGET_COMPONENT_ID,IS_MUST_MONITORING,CREATED,CREATOR_ID,CREATOR,MODIFIED,MODIFIER_ID,MODIFIER) values ('91145DAD7F2412BDE0530100007FD103','GE99BB51-93A1-E611-9EF9-000C290B9D98','AE99BB51-93A1-E611-9EF9-000C290B9D98',1,to_date('2019-08-27 14:47:39','yyyy-mm-dd hh24:mi:ss'),'','测试数据创建人',to_date('2019-08-27 14:47:39','yyyy-mm-dd hh24:mi:ss'),'','');
insert into UDP_EVENT_MONITORING(ID,COMPONENT_ID,TARGET_COMPONENT_ID,IS_MUST_MONITORING,CREATED,CREATOR_ID,CREATOR,MODIFIED,MODIFIER_ID,MODIFIER) values ('9E6F07FCEE4A773DE0530100007F8519','HE99BB51-93A1-E611-9EF9-000C290B9D98','IC99BB51-93A1-E611-9EF9-000C290B9D97',0,to_date('2020-02-13 13:04:44','yyyy-mm-dd hh24:mi:ss'),'','',to_date('2020-02-13 13:04:56','yyyy-mm-dd hh24:mi:ss'),'','');
insert into UDP_EVENT_MONITORING(ID,COMPONENT_ID,TARGET_COMPONENT_ID,IS_MUST_MONITORING,CREATED,CREATOR_ID,CREATOR,MODIFIED,MODIFIER_ID,MODIFIER) values ('9E75D12B6D2127F4E0530100007FBE62','HE99BB51-93A1-E611-9EF9-000C290B9D98','BE99BB51-93A1-E611-9EF9-000C290B9D98',0,to_date('2020-02-13 21:10:46','yyyy-mm-dd hh24:mi:ss'),'','',to_date('2020-02-13 21:10:46','yyyy-mm-dd hh24:mi:ss'),'','');
insert into UDP_EVENT_MONITORING(ID,COMPONENT_ID,TARGET_COMPONENT_ID,IS_MUST_MONITORING,CREATED,CREATOR_ID,CREATOR,MODIFIED,MODIFIER_ID,MODIFIER) values ('a017a04a-b3a9-3724-e053-0100007fcb46','GE99BB51-93A1-E611-9EF9-000C290B9D98','92CFF4637299057CE0530100007F1A7F',1,to_date('2020-03-05 15:38:48','yyyy-mm-dd hh24:mi:ss'),'','',to_date('2020-03-05 15:38:48','yyyy-mm-dd hh24:mi:ss'),'','');
--按钮组件基础信息初始化
delete UDP_COMPONENT_BUTTON where ID in  (select t.ID from ( select *  from UDP_COMPONENT_BUTTON where ID in (select t.ID from (select * from udp_component where  page_id='EE99BB51-93A1-E611-9EF9-000C290B9D98' UNION select * from udp_component where  page_id in (select ID from UDP_COMPONENT_TABS_ITEM where component_tabs_id in  (select id from udp_component where  page_id='EE99BB51-93A1-E611-9EF9-000C290B9D98' and component_type='TemplateTabs')) UNION  select * from udp_component WHERE page_id IN (select ID from (select * from udp_component where page_id='EE99BB51-93A1-E611-9EF9-000C290B9D98'  UNION   select * from udp_component where  page_id in  (select ID from UDP_COMPONENT_TABS_ITEM where component_tabs_id in  (select id from udp_component where  page_id='EE99BB51-93A1-E611-9EF9-000C290B9D98' and component_type='TemplateTabs'))) tab1 where tab1.COMPONENT_TYPE='TemplateDropdown')) t)) t );
insert into UDP_COMPONENT_BUTTON(ID,TRADE_ID,CREATED,CREATOR_ID,CREATOR,MODIFIED,MODIFIER_ID,MODIFIER,ICON) values ('IC99BB51-93A1-E611-9EF9-000C290B9D92','002',to_date('2019-09-24 14:56:01','yyyy-mm-dd hh24:mi:ss'),'','测试数据创建人',to_date('2019-09-24 14:56:01','yyyy-mm-dd hh24:mi:ss'),'','','el-icon-refresh-lef');
insert into UDP_COMPONENT_BUTTON(ID,TRADE_ID,CREATED,CREATOR_ID,CREATOR,MODIFIED,MODIFIER_ID,MODIFIER,ICON) values ('IC99BB51-93A1-E611-9EF9-000C290B9D97','003',to_date('2019-09-25 12:50:00','yyyy-mm-dd hh24:mi:ss'),'','测试数据创建人',to_date('2019-09-25 12:50:00','yyyy-mm-dd hh24:mi:ss'),'','','');
insert into UDP_COMPONENT_BUTTON(ID,TRADE_ID,CREATED,CREATOR_ID,CREATOR,MODIFIED,MODIFIER_ID,MODIFIER,ICON) values ('IC99BB51-93A1-E611-9EF9-000C290B9D93','001',to_date('2019-09-25 15:06:35','yyyy-mm-dd hh24:mi:ss'),'','测试数据创建人',to_date('2019-09-25 15:06:35','yyyy-mm-dd hh24:mi:ss'),'','','el-icon-edit-outline');
insert into UDP_COMPONENT_BUTTON(ID,TRADE_ID,CREATED,CREATOR_ID,CREATOR,MODIFIED,MODIFIER_ID,MODIFIER,ICON) values ('IC99BB51-93A1-E611-9EF9-000C290B9D76','001',to_date('2019-10-15 00:00:00','yyyy-mm-dd hh24:mi:ss'),'','测试数据创建人',to_date('2019-10-15 00:00:00','yyyy-mm-dd hh24:mi:ss'),'','','el-icon-edit-outline');
insert into UDP_COMPONENT_BUTTON(ID,TRADE_ID,CREATED,CREATOR_ID,CREATOR,MODIFIED,MODIFIER_ID,MODIFIER,ICON) values ('94ED77D1CAD75D75E0530100007F5E0D','003',to_date('2019-10-15 13:56:18','yyyy-mm-dd hh24:mi:ss'),'','测试数据创建人',to_date('2019-10-15 13:56:18','yyyy-mm-dd hh24:mi:ss'),'','','el-icon-edit-outline');
--按钮组件事件信息初始化
delete UDP_COMPONENT_BUTTON_EVENT where ID in  (select t.ID from ( select *  from UDP_COMPONENT_BUTTON_EVENT where COMPONENT_BUTTON_ID in (select t.ID from (select * from udp_component where  page_id='EE99BB51-93A1-E611-9EF9-000C290B9D98' UNION select * from udp_component where  page_id in (select ID from UDP_COMPONENT_TABS_ITEM where component_tabs_id in  (select id from udp_component where  page_id='EE99BB51-93A1-E611-9EF9-000C290B9D98' and component_type='TemplateTabs')) UNION  select * from udp_component WHERE page_id IN (select ID from (select * from udp_component where page_id='EE99BB51-93A1-E611-9EF9-000C290B9D98'  UNION   select * from udp_component where  page_id in  (select ID from UDP_COMPONENT_TABS_ITEM where component_tabs_id in  (select id from udp_component where  page_id='EE99BB51-93A1-E611-9EF9-000C290B9D98' and component_type='TemplateTabs'))) tab1 where tab1.COMPONENT_TYPE='TemplateDropdown')) t)) t );
insert into UDP_COMPONENT_BUTTON_EVENT(ID,COMPONENT_BUTTON_ID,EVENT_TYPE,EXECUTE_TYPE,EXECUTE_CONTENT,CREATED,CREATOR_ID,CREATOR,MODIFIED,MODIFIER_ID,MODIFIER,DIALOG_TITLE,DIALOG_CONTEN,WINDOW_HEIGHT,WINDOW_WIDTH) values ('921BCB7E05381FA5E0530100007FAF67','IC99BB51-93A1-E611-9EF9-000C290B9D76','execute','openPage','/platform/application/Iframe',to_date('2019-10-15 13:44:02','yyyy-mm-dd hh24:mi:ss'),'','测试数据创建人',to_date('2019-10-15 13:44:08','yyyy-mm-dd hh24:mi:ss'),'','','提示','是否打开百度','','');
insert into UDP_COMPONENT_BUTTON_EVENT(ID,COMPONENT_BUTTON_ID,EVENT_TYPE,EXECUTE_TYPE,EXECUTE_CONTENT,CREATED,CREATOR_ID,CREATOR,MODIFIED,MODIFIER_ID,MODIFIER,DIALOG_TITLE,DIALOG_CONTEN,WINDOW_HEIGHT,WINDOW_WIDTH) values ('9795E0148A4E0BCEE0530100007FDB8F','94ED77D1CAD75D75E0530100007F5E0D','execute','openPage','/api/udp/test',to_date('2019-11-18 09:29:13','yyyy-mm-dd hh24:mi:ss'),'','',to_date('2019-11-18 09:29:13','yyyy-mm-dd hh24:mi:ss'),'','','','','','');
insert into UDP_COMPONENT_BUTTON_EVENT(ID,COMPONENT_BUTTON_ID,EVENT_TYPE,EXECUTE_TYPE,EXECUTE_CONTENT,CREATED,CREATOR_ID,CREATOR,MODIFIED,MODIFIER_ID,MODIFIER,DIALOG_TITLE,DIALOG_CONTEN,WINDOW_HEIGHT,WINDOW_WIDTH) values ('9348078361A17460E0530100007F36AF','IC99BB51-93A1-E611-9EF9-000C290B9D92','execute','openPage','/smart/dialog/page?&pageTitle=123',to_date('2019-09-24 14:57:13','yyyy-mm-dd hh24:mi:ss'),'','',to_date('2019-09-24 14:57:13','yyyy-mm-dd hh24:mi:ss'),'','','','','','');
insert into UDP_COMPONENT_BUTTON_EVENT(ID,COMPONENT_BUTTON_ID,EVENT_TYPE,EXECUTE_TYPE,EXECUTE_CONTENT,CREATED,CREATOR_ID,CREATOR,MODIFIED,MODIFIER_ID,MODIFIER,DIALOG_TITLE,DIALOG_CONTEN,WINDOW_HEIGHT,WINDOW_WIDTH) values ('91145DAD7F3012BDE0530100007FD103','IC99BB51-93A1-E611-9EF9-000C290B9D93','execute','openPage','/basic-settings/application?id={treeTableList.ORGNAME}',to_date('2019-08-27 00:00:00','yyyy-mm-dd hh24:mi:ss'),'','测试数据创建人',to_date('2019-08-27 00:00:00','yyyy-mm-dd hh24:mi:ss'),'','','标题','是否打开页面','','');
--table列表组件基础信息初始化
delete UDP_COMPONENT_TABLE where ID in  (select t.ID from ( select *  from UDP_COMPONENT_TABLE where ID in (select t.ID from (select * from udp_component where  page_id='EE99BB51-93A1-E611-9EF9-000C290B9D98' UNION select * from udp_component where  page_id in (select ID from UDP_COMPONENT_TABS_ITEM where component_tabs_id in  (select id from udp_component where  page_id='EE99BB51-93A1-E611-9EF9-000C290B9D98' and component_type='TemplateTabs')) UNION  select * from udp_component WHERE page_id IN (select ID from (select * from udp_component where page_id='EE99BB51-93A1-E611-9EF9-000C290B9D98'  UNION   select * from udp_component where  page_id in  (select ID from UDP_COMPONENT_TABS_ITEM where component_tabs_id in  (select id from udp_component where  page_id='EE99BB51-93A1-E611-9EF9-000C290B9D98' and component_type='TemplateTabs'))) tab1 where tab1.COMPONENT_TYPE='TemplateDropdown')) t)) t );
insert into UDP_COMPONENT_TABLE(ID,DETAIL_URL,CREATED,CREATOR_ID,CREATOR,MODIFIED,MODIFIER_ID,MODIFIER,IS_SHOW_STRIPE,OPEN_MODE,WINDOW_HEIGHT,WINDOW_WIDTH,IS_SHOW_PAGINATION,IS_SHOW_BORDER,ENABLE_STATUS_FIELD) values ('HE99BB51-93A1-E611-9EF9-000C290B9D98','/basic-settings/function',to_date('2019-08-20 14:45:16','yyyy-mm-dd hh24:mi:ss'),'','',to_date('2019-08-20 14:45:16','yyyy-mm-dd hh24:mi:ss'),'','',0,'openWindowRefresh','','',0,0,'ISDISABLED');
--tabs选项卡组件基础信息初始化
delete UDP_COMPONENT_TABS where ID in  (select t.ID from ( select *  from UDP_COMPONENT_TABS where ID in (select t.ID from (select * from udp_component where  page_id='EE99BB51-93A1-E611-9EF9-000C290B9D98' UNION select * from udp_component where  page_id in (select ID from UDP_COMPONENT_TABS_ITEM where component_tabs_id in  (select id from udp_component where  page_id='EE99BB51-93A1-E611-9EF9-000C290B9D98' and component_type='TemplateTabs')) UNION  select * from udp_component WHERE page_id IN (select ID from (select * from udp_component where page_id='EE99BB51-93A1-E611-9EF9-000C290B9D98'  UNION   select * from udp_component where  page_id in  (select ID from UDP_COMPONENT_TABS_ITEM where component_tabs_id in  (select id from udp_component where  page_id='EE99BB51-93A1-E611-9EF9-000C290B9D98' and component_type='TemplateTabs'))) tab1 where tab1.COMPONENT_TYPE='TemplateDropdown')) t)) t );
insert into UDP_COMPONENT_TABS(ID,LAYOUT_STYLE,DEFAULT_TABSITEM,CREATED,CREATOR_ID,CREATOR,MODIFIED,MODIFIER_ID,MODIFIER) values ('GE99BB51-93A1-E611-9EF9-000C290B9D98','','',to_date('2019-08-27 14:47:39','yyyy-mm-dd hh24:mi:ss'),'','测试数据创建人',to_date('2019-08-27 14:47:39','yyyy-mm-dd hh24:mi:ss'),'','');
--tabs选项卡组件items项信息初始化
delete UDP_COMPONENT_TABS_ITEM where ID in  (select t.ID from ( select *  from UDP_COMPONENT_TABS_ITEM where COMPONENT_TABS_ID in (select t.ID from (select * from udp_component where  page_id='EE99BB51-93A1-E611-9EF9-000C290B9D98' UNION select * from udp_component where  page_id in (select ID from UDP_COMPONENT_TABS_ITEM where component_tabs_id in  (select id from udp_component where  page_id='EE99BB51-93A1-E611-9EF9-000C290B9D98' and component_type='TemplateTabs')) UNION  select * from udp_component WHERE page_id IN (select ID from (select * from udp_component where page_id='EE99BB51-93A1-E611-9EF9-000C290B9D98'  UNION   select * from udp_component where  page_id in  (select ID from UDP_COMPONENT_TABS_ITEM where component_tabs_id in  (select id from udp_component where  page_id='EE99BB51-93A1-E611-9EF9-000C290B9D98' and component_type='TemplateTabs'))) tab1 where tab1.COMPONENT_TYPE='TemplateDropdown')) t)) t );
insert into UDP_COMPONENT_TABS_ITEM(ID,COMPONENT_TABS_ID,ITEM_DESCRIPTION,ITEM_ORDER,ITEM_LABLE,ITEM_VALUE,CREATED,CREATOR_ID,CREATOR,MODIFIED,MODIFIER_ID,MODIFIER) values ('GE99BB51-93A1-E611-9EF9-000C290B9D91','GE99BB51-93A1-E611-9EF9-000C290B9D98','','1','华南供销存报表测试','华南供销存报表测试',to_date('2019-08-27 14:47:39','yyyy-mm-dd hh24:mi:ss'),'','测试数据创建人',to_date('2019-08-27 14:47:39','yyyy-mm-dd hh24:mi:ss'),'','');
insert into UDP_COMPONENT_TABS_ITEM(ID,COMPONENT_TABS_ID,ITEM_DESCRIPTION,ITEM_ORDER,ITEM_LABLE,ITEM_VALUE,CREATED,CREATOR_ID,CREATOR,MODIFIED,MODIFIER_ID,MODIFIER) values ('GE99BB51-93A1-E611-9EF9-000C290B9D92','GE99BB51-93A1-E611-9EF9-000C290B9D98','','2','{ITEM2}','其他测试',to_date('2019-08-27 14:47:39','yyyy-mm-dd hh24:mi:ss'),'','测试数据创建人',to_date('2019-08-27 14:47:39','yyyy-mm-dd hh24:mi:ss'),'','');
--树下拉选择器组件基础信息初始化
delete UDP_COMPONENT_TREE_SELECT where ID in  (select t.ID from ( select *  from UDP_COMPONENT_TREE_SELECT where ID in (select t.ID from (select * from udp_component where  page_id='EE99BB51-93A1-E611-9EF9-000C290B9D98' UNION select * from udp_component where  page_id in (select ID from UDP_COMPONENT_TABS_ITEM where component_tabs_id in  (select id from udp_component where  page_id='EE99BB51-93A1-E611-9EF9-000C290B9D98' and component_type='TemplateTabs')) UNION  select * from udp_component WHERE page_id IN (select ID from (select * from udp_component where page_id='EE99BB51-93A1-E611-9EF9-000C290B9D98'  UNION   select * from udp_component where  page_id in  (select ID from UDP_COMPONENT_TABS_ITEM where component_tabs_id in  (select id from udp_component where  page_id='EE99BB51-93A1-E611-9EF9-000C290B9D98' and component_type='TemplateTabs'))) tab1 where tab1.COMPONENT_TYPE='TemplateDropdown')) t)) t );
insert into UDP_COMPONENT_TREE_SELECT(ID,DEFAULT_EXPANDED,DEFAULT_CHECKED,IS_CHECKED_LAST_STAGE) values ('BE99BB51-93A1-E611-9EF9-000C290B9D98','','{"node":"本公司","type":"keyword"}',1);
--时间选择器组件基础信息初始化
delete UDP_COMPONENT_DATE_PICKER where ID in  (select t.ID from ( select *  from UDP_COMPONENT_DATE_PICKER where ID in (select t.ID from (select * from udp_component where  page_id='EE99BB51-93A1-E611-9EF9-000C290B9D98' UNION select * from udp_component where  page_id in (select ID from UDP_COMPONENT_TABS_ITEM where component_tabs_id in  (select id from udp_component where  page_id='EE99BB51-93A1-E611-9EF9-000C290B9D98' and component_type='TemplateTabs')) UNION  select * from udp_component WHERE page_id IN (select ID from (select * from udp_component where page_id='EE99BB51-93A1-E611-9EF9-000C290B9D98'  UNION   select * from udp_component where  page_id in  (select ID from UDP_COMPONENT_TABS_ITEM where component_tabs_id in  (select id from udp_component where  page_id='EE99BB51-93A1-E611-9EF9-000C290B9D98' and component_type='TemplateTabs'))) tab1 where tab1.COMPONENT_TYPE='TemplateDropdown')) t)) t );
insert into UDP_COMPONENT_DATE_PICKER(ID,START_TIME,END_TIME,DEFAULT_VALUE,VALUE_FORMAT,CREATED,CREATOR_ID,CREATOR,MODIFIED,MODIFIER_ID,MODIFIER) values ('92CFF4637299057CE0530100007F1A7F','{"basic":"month","type":"dd","value":-1}','{"basic":"month"}','','yyyy年MM月dd日',to_date('2019-09-18 15:49:38','yyyy-mm-dd hh24:mi:ss'),'','',to_date('2019-09-18 15:49:38','yyyy-mm-dd hh24:mi:ss'),'','');
--table列表组件显示列信息初始化
delete UDP_COMPONENT_TABLE_COLUMN where ID in  (select t.ID from ( select *  from UDP_COMPONENT_TABLE_COLUMN where COMPONENT_TABLE_ID in (select t.ID from (select * from udp_component where  page_id='EE99BB51-93A1-E611-9EF9-000C290B9D98' UNION select * from udp_component where  page_id in (select ID from UDP_COMPONENT_TABS_ITEM where component_tabs_id in  (select id from udp_component where  page_id='EE99BB51-93A1-E611-9EF9-000C290B9D98' and component_type='TemplateTabs')) UNION  select * from udp_component WHERE page_id IN (select ID from (select * from udp_component where page_id='EE99BB51-93A1-E611-9EF9-000C290B9D98'  UNION   select * from udp_component where  page_id in  (select ID from UDP_COMPONENT_TABS_ITEM where component_tabs_id in  (select id from udp_component where  page_id='EE99BB51-93A1-E611-9EF9-000C290B9D98' and component_type='TemplateTabs'))) tab1 where tab1.COMPONENT_TYPE='TemplateDropdown')) t)) t );
insert into UDP_COMPONENT_TABLE_COLUMN(ID,COMPONENT_TABLE_ID,COLUMN_LABLE,COLUMN_FIELD,COLUMN_WIDE,COLUMN_ALIGN,COLUMN_FIXED,COLUMN_NUMBER_FLOAT,COLUMN_DATA_TYPE,JUMP_URL,CREATED,CREATOR_ID,CREATOR,MODIFIED,MODIFIER_ID,MODIFIER,IS_SHOW_TOTAL,PARENT_COLUMN_ID,IS_USE_SORT,OPEN_MODE,COLUMN_ORDER,DEAL_WITH_MODE,IS_USE_HTML,WINDOW_HEIGHT,WINDOW_WIDTH,STATE)
values ('91145DAD7F2D12BDE0530100007FD103','HE99BB51-93A1-E611-9EF9-000C290B9D91','分期/业态','NAME','350px','','',0,'','',to_date('2019-08-27 14:47:39','yyyy-mm-dd hh24:mi:ss'),'','测试数据创建人',to_date('2019-08-27 14:47:39','yyyy-mm-dd hh24:mi:ss'),'','',0,'',0,'openPageRefresh',1,'',0,'','',1);
insert into UDP_COMPONENT_TABLE_COLUMN(ID,COMPONENT_TABLE_ID,COLUMN_LABLE,COLUMN_FIELD,COLUMN_WIDE,COLUMN_ALIGN,COLUMN_FIXED,COLUMN_NUMBER_FLOAT,COLUMN_DATA_TYPE,JUMP_URL,CREATED,CREATOR_ID,CREATOR,MODIFIED,MODIFIER_ID,MODIFIER,IS_SHOW_TOTAL,PARENT_COLUMN_ID,IS_USE_SORT,OPEN_MODE,COLUMN_ORDER,DEAL_WITH_MODE,IS_USE_HTML,WINDOW_HEIGHT,WINDOW_WIDTH,STATE)
values ('922496CA0D74611EE0530100007F198E','HE99BB51-93A1-E611-9EF9-000C290B9D91','面积','面积','100px','','',0,'','',to_date('2019-08-27 00:00:00','yyyy-mm-dd hh24:mi:ss'),'','测试数据创建人',to_date('2019-08-27 00:00:00','yyyy-mm-dd hh24:mi:ss'),'','',0,'',0,'openPageRefresh',11,'',0,'','',1);
insert into UDP_COMPONENT_TABLE_COLUMN(ID,COMPONENT_TABLE_ID,COLUMN_LABLE,COLUMN_FIELD,COLUMN_WIDE,COLUMN_ALIGN,COLUMN_FIXED,COLUMN_NUMBER_FLOAT,COLUMN_DATA_TYPE,JUMP_URL,CREATED,CREATOR_ID,CREATOR,MODIFIED,MODIFIER_ID,MODIFIER,IS_SHOW_TOTAL,PARENT_COLUMN_ID,IS_USE_SORT,OPEN_MODE,COLUMN_ORDER,DEAL_WITH_MODE,IS_USE_HTML,WINDOW_HEIGHT,WINDOW_WIDTH,STATE)
values ('932496CA0D74611EE0530100007F198E','HE99BB51-93A1-E611-9EF9-000C290B9D91','金额','金额','100px','','',0,'','',to_date('2019-08-27 00:00:00','yyyy-mm-dd hh24:mi:ss'),'','测试数据创建人',to_date('2019-08-27 00:00:00','yyyy-mm-dd hh24:mi:ss'),'','',0,'',0,'openPageRefresh',111,'',0,'','',1);
insert into UDP_COMPONENT_TABLE_COLUMN(ID,COMPONENT_TABLE_ID,COLUMN_LABLE,COLUMN_FIELD,COLUMN_WIDE,COLUMN_ALIGN,COLUMN_FIXED,COLUMN_NUMBER_FLOAT,COLUMN_DATA_TYPE,JUMP_URL,CREATED,CREATOR_ID,CREATOR,MODIFIED,MODIFIER_ID,MODIFIER,IS_SHOW_TOTAL,PARENT_COLUMN_ID,IS_USE_SORT,OPEN_MODE,COLUMN_ORDER,DEAL_WITH_MODE,IS_USE_HTML,WINDOW_HEIGHT,WINDOW_WIDTH,STATE)
values ('942496CA0D74611EE0530100007F198E','HE99BB51-93A1-E611-9EF9-000C290B9D91','套','套','100px','','',0,'','',to_date('2019-08-27 00:00:00','yyyy-mm-dd hh24:mi:ss'),'','测试数据创建人',to_date('2019-08-27 00:00:00','yyyy-mm-dd hh24:mi:ss'),'','',0,'',0,'openPageRefresh',120,'',0,'','',1);
insert into UDP_COMPONENT_TABLE_COLUMN(ID,COMPONENT_TABLE_ID,COLUMN_LABLE,COLUMN_FIELD,COLUMN_WIDE,COLUMN_ALIGN,COLUMN_FIXED,COLUMN_NUMBER_FLOAT,COLUMN_DATA_TYPE,JUMP_URL,CREATED,CREATOR_ID,CREATOR,MODIFIED,MODIFIER_ID,MODIFIER,IS_SHOW_TOTAL,PARENT_COLUMN_ID,IS_USE_SORT,OPEN_MODE,COLUMN_ORDER,DEAL_WITH_MODE,IS_USE_HTML,WINDOW_HEIGHT,WINDOW_WIDTH,STATE)
values ('952496CA0D74611EE0530100007F198E','HE99BB51-93A1-E611-9EF9-000C290B9D91','ID','ID','400px','','',0,'','',to_date('2019-08-27 00:00:00','yyyy-mm-dd hh24:mi:ss'),'','测试数据创建人',to_date('2019-08-27 00:00:00','yyyy-mm-dd hh24:mi:ss'),'','',0,'',0,'openPageRefresh',130,'',0,'','',1);
